userId,movieId,rating,timestamp
toddbenson,Mystery of the Stars,5,2024-02-21 19:44:02
juan03,Journey Through Time,5,2024-07-27 02:42:36
andersonandre,The Dark Knight Returns,5,2024-01-16 16:29:50
gwalker,Journey Through Time,4,2024-06-28 02:14:55
dakotarogers,The Great Adventure,4,2024-06-06 01:36:39
lawsonbarbara,The Great Adventure,5,2024-01-04 15:20:51
kbell,Space Odyssey,5,2024-06-30 15:37:05
alexandercarolyn,Underwater Secrets,2,2024-01-21 15:58:45
vincent43,Mystery of the Stars,3,2024-03-02 08:21:23
toddbenson,Sunset Boulevard,1,2024-12-04 15:41:59
kimberly44,Underwater Secrets,2,2024-11-23 17:16:45
lanekatherine,The Great Adventure,2,2024-09-30 20:19:56
qmartin,The Dark Knight Returns,3,2024-07-12 18:26:10
whitethomas,The Last Stand,3,2024-03-10 05:55:15
thomasfreeman,Journey Through Time,5,2024-05-28 01:40:55
tsmith,Love in the Rain,4,2024-09-06 09:28:38
karen45,Underwater Secrets,1,2024-11-17 01:30:15
gwalker,Journey Through Time,3,2024-06-18 00:53:39
qmartin,Journey Through Time,3,2024-08-08 11:42:47
nicholasdawson,Mystery of the Stars,5,2024-09-23 23:29:46
robertskatelyn,Journey Through Time,4,2024-12-05 19:40:28
samanthaward,The Last Stand,2,2024-07-22 10:05:00
scott07,The Dark Knight Returns,5,2024-09-29 17:15:21
davisjoel,Underwater Secrets,1,2024-01-06 08:23:05
karen45,Sunset Boulevard,5,2024-03-16 17:25:21
matthewortiz,Mystery of the Stars,3,2024-09-16 12:14:23
joshua03,The Dark Knight Returns,5,2024-06-15 04:48:37
david21,The Last Stand,4,2024-10-11 12:39:46
ramoscarol,Love in the Rain,2,2024-12-10 12:48:25
mortonsuzanne,The Great Adventure,3,2024-02-09 20:43:15
toddbenson,The Great Adventure,1,2024-09-17 06:53:18
juan03,Love in the Rain,1,2024-10-05 05:50:15
jonestracy,Mystery of the Stars,4,2024-07-22 22:53:51
kimberly44,The Last Stand,1,2024-08-08 09:12:49
davisjoel,Journey Through Time,2,2024-09-18 17:04:56
robertcurry,Underwater Secrets,4,2024-03-27 22:18:17
matthewsanchez,Underwater Secrets,1,2024-02-25 10:15:33
reidbetty,Journey Through Time,4,2024-08-03 01:53:41
dianariggs,Underwater Secrets,3,2024-07-14 23:34:10
casey59,Underwater Secrets,3,2024-08-12 10:45:15
shafferbreanna,Mystery of the Stars,2,2024-03-12 00:49:45
sharon97,The Great Adventure,1,2024-12-07 20:47:05
david21,Journey Through Time,3,2024-12-11 11:41:06
tvazquez,Mystery of the Stars,4,2024-11-09 19:14:49
johnlawson,Underwater Secrets,1,2024-01-17 18:00:49
dominguezandrea,The Dark Knight Returns,3,2024-06-21 04:13:10
ejohnson,The Great Adventure,2,2024-03-31 13:52:05
lanekatherine,Underwater Secrets,4,2024-10-15 17:16:54
wcochran,The Great Adventure,3,2024-11-21 18:27:18
matthew45,The Great Adventure,2,2024-01-31 20:42:19
tapiamelissa,Love in the Rain,5,2024-05-18 01:32:02
mortonsuzanne,The Dark Knight Returns,5,2024-04-28 20:28:04
kennethjohnson,Alien Invasion,4,2024-09-09 19:21:54
alexandercarolyn,Love in the Rain,1,2024-03-27 02:36:35
andersonandre,The Dark Knight Returns,3,2024-10-07 06:41:09
william10,Underwater Secrets,2,2024-09-24 07:10:00
robertmoreno,The Great Adventure,5,2024-07-03 20:52:22
tammiematthews,Alien Invasion,3,2024-09-27 20:44:56
samantharodriguez,The Last Stand,3,2024-06-01 20:02:08
vincent43,The Last Stand,1,2024-05-14 00:38:03
pbriggs,The Dark Knight Returns,3,2024-10-03 10:45:15
robertskatelyn,Love in the Rain,5,2024-12-17 02:55:44
lsmith,Love in the Rain,1,2024-03-03 05:19:47
sharon97,Journey Through Time,2,2024-08-05 04:41:42
mary74,Alien Invasion,1,2024-02-15 16:38:21
hurstteresa,Mystery of the Stars,1,2024-03-04 01:04:30
alisha12,Underwater Secrets,4,2024-06-12 09:03:07
elizabethmurphy,Journey Through Time,4,2024-12-11 16:32:16
robertmoreno,The Dark Knight Returns,3,2024-07-05 04:21:32
robertskatelyn,Mystery of the Stars,1,2024-08-11 02:39:35
ramoscarol,The Great Adventure,3,2024-04-13 00:50:04
morrisonroy,Journey Through Time,2,2024-02-04 05:23:30
cbenjamin,Mystery of the Stars,1,2024-07-03 07:43:52
fmiddleton,Journey Through Time,5,2024-01-20 11:11:36
joneskarl,Journey Through Time,5,2024-08-25 06:17:47
vaughndavid,Mystery of the Stars,1,2024-05-25 05:50:49
kennethschmidt,Mystery of the Stars,4,2024-10-19 16:34:25
randy79,Mystery of the Stars,2,2024-09-18 16:49:31
karen45,Alien Invasion,4,2024-02-16 19:27:43
hurstteresa,Journey Through Time,3,2024-09-07 20:46:26
bethanysmith,The Great Adventure,2,2024-09-01 16:23:30
juan03,The Dark Knight Returns,2,2024-01-18 06:20:35
casey59,The Dark Knight Returns,5,2024-07-06 04:35:20
qmartin,Alien Invasion,1,2024-03-09 12:14:03
alexandercarolyn,Alien Invasion,2,2024-10-29 09:44:48
reidbetty,Underwater Secrets,4,2024-05-04 12:16:18
matthewsanchez,Underwater Secrets,2,2024-04-18 17:56:23
robertskatelyn,Mystery of the Stars,5,2024-02-22 03:07:46
johnlawson,Love in the Rain,2,2024-06-18 22:53:22
qmartin,The Great Adventure,5,2024-12-07 18:55:37
nporter,Journey Through Time,1,2024-08-27 11:55:42
mvazquez,Space Odyssey,4,2024-03-13 04:28:04
mary74,Sunset Boulevard,1,2024-03-01 22:53:42
kennethjohnson,Love in the Rain,4,2024-05-03 11:56:40
joshua03,The Last Stand,1,2024-05-03 03:07:48
matthewortiz,Journey Through Time,4,2024-03-23 02:44:10
dakotarogers,Journey Through Time,2,2024-12-01 06:56:24
andersonandre,Journey Through Time,4,2024-08-23 09:01:22
qmartin,Underwater Secrets,3,2024-10-06 23:08:52
dominguezandrea,The Dark Knight Returns,2,2024-01-27 16:03:26
wcochran,Underwater Secrets,5,2024-12-03 06:28:32
kennethjohnson,Journey Through Time,2,2024-02-15 02:06:06
tvazquez,Alien Invasion,1,2024-04-01 22:58:55
william10,The Last Stand,1,2024-02-17 17:58:43
matthewortiz,Love in the Rain,5,2024-01-17 09:25:00
qmartin,The Dark Knight Returns,1,2024-02-29 00:38:27
jonesmary,Journey Through Time,2,2024-07-12 17:56:50
henrypamela,The Last Stand,2,2024-08-07 08:54:58
lsmith,Alien Invasion,2,2024-02-13 22:08:10
tsmith,Love in the Rain,1,2024-08-31 13:47:46
alexandercarolyn,Mystery of the Stars,4,2024-09-24 10:28:08
ramoscarol,The Last Stand,3,2024-11-13 14:19:05
elizabethmurphy,Alien Invasion,5,2024-03-09 01:09:09
scott07,Alien Invasion,3,2024-05-26 23:04:08
karen45,Alien Invasion,1,2024-10-06 03:49:45
lsmith,Alien Invasion,1,2024-12-20 14:40:58
nle,Mystery of the Stars,5,2024-04-29 17:09:18
cbrooks,Underwater Secrets,4,2024-05-11 02:26:15
william10,Mystery of the Stars,3,2024-05-22 19:27:56
ybaker,Alien Invasion,2,2024-09-17 09:01:45
janespence,The Great Adventure,2,2024-09-02 19:23:35
juan03,Love in the Rain,2,2024-07-01 20:16:45
dakotarogers,Alien Invasion,2,2024-05-24 17:46:02
jonestracy,Journey Through Time,4,2024-04-30 09:40:51
nicholasdawson,Love in the Rain,1,2024-06-12 15:44:57
shafferbreanna,The Last Stand,2,2024-11-19 16:33:35
sharon97,The Great Adventure,2,2024-05-15 23:24:43
brewermartha,Underwater Secrets,2,2024-10-05 06:16:14
toddbenson,Space Odyssey,2,2024-11-08 08:07:40
alisha12,Journey Through Time,2,2024-06-14 08:12:01
snguyen,Love in the Rain,1,2024-12-10 13:53:09
ybaker,Love in the Rain,4,2024-06-16 11:10:56
sandersdavid,Love in the Rain,3,2024-04-22 21:10:09
sharon97,The Dark Knight Returns,4,2024-10-15 20:13:51
dominguezandrea,The Last Stand,5,2024-03-30 10:25:39
joshuabarber,Underwater Secrets,1,2024-11-25 16:13:30
joneskarl,Underwater Secrets,5,2024-03-01 15:33:41
jgreer,Love in the Rain,3,2024-12-07 15:17:02
kimberly44,Journey Through Time,5,2024-07-05 01:31:46
tapiamelissa,The Great Adventure,3,2024-01-16 09:48:36
colleensanford,The Last Stand,3,2024-07-17 23:46:55
dianariggs,Mystery of the Stars,4,2024-01-06 11:55:02
juan03,Journey Through Time,2,2024-07-09 16:59:13
joneskarl,The Dark Knight Returns,5,2024-04-09 05:34:14
qmartin,Love in the Rain,1,2024-12-07 11:22:51
randy79,Journey Through Time,4,2024-09-26 08:25:48
ejohnson,Underwater Secrets,3,2024-05-06 21:26:33
davisleslie,The Last Stand,2,2024-08-29 06:28:27
mortonsuzanne,Sunset Boulevard,4,2024-01-06 18:39:02
matthewsanchez,Alien Invasion,1,2024-07-07 08:12:32
lsmith,Underwater Secrets,2,2024-05-22 05:44:06
andersonandre,The Great Adventure,5,2024-10-24 10:04:51
joshuabarber,Underwater Secrets,5,2024-10-02 16:47:07
samuel35,Underwater Secrets,4,2024-10-21 03:47:23
dakotarogers,Mystery of the Stars,2,2024-11-01 14:28:54
timothyperez,Underwater Secrets,1,2024-10-09 15:46:49
robertmoreno,Journey Through Time,2,2024-05-15 09:15:17
nporter,Love in the Rain,1,2024-09-29 15:43:04
joseph98,The Last Stand,1,2024-03-03 23:48:49
whitethomas,The Last Stand,1,2024-11-13 01:33:15
ramoscarol,Love in the Rain,1,2024-03-15 01:23:08
casey59,The Great Adventure,2,2024-10-07 00:30:15
terrence24,The Last Stand,5,2024-04-27 11:57:39
freynolds,The Last Stand,4,2024-01-08 07:09:44
lsmith,Journey Through Time,1,2024-04-19 00:03:07
whitethomas,Journey Through Time,2,2024-11-20 22:59:14
kbell,Underwater Secrets,5,2024-01-25 19:43:12
vaughndavid,The Last Stand,4,2024-03-10 01:55:07
mvazquez,Love in the Rain,3,2024-12-17 02:23:28
teresa61,The Great Adventure,5,2024-03-04 14:17:47
jenkinsjennifer,Alien Invasion,4,2024-12-12 18:08:04
bowenmichael,Underwater Secrets,1,2024-10-13 03:23:42
mortonsuzanne,Mystery of the Stars,4,2024-07-17 07:57:43
kennethjohnson,Underwater Secrets,4,2024-10-26 08:07:55
mvazquez,Love in the Rain,2,2024-07-20 14:48:02
marie27,Mystery of the Stars,2,2024-10-08 21:54:57
robertcurry,Underwater Secrets,2,2024-09-20 17:26:58
teresa61,The Last Stand,2,2024-01-26 18:33:40
davisleslie,Underwater Secrets,3,2024-04-06 02:06:22
gwalker,The Last Stand,1,2024-09-20 06:46:15
morrisonroy,Alien Invasion,4,2024-12-19 18:50:25
mary74,Journey Through Time,1,2024-06-14 01:27:38
snguyen,Underwater Secrets,2,2024-09-21 09:10:51
whitethomas,Love in the Rain,2,2024-03-06 09:27:00
sally03,The Great Adventure,1,2024-01-24 18:01:09
lanekatherine,Mystery of the Stars,1,2024-11-26 13:55:57
jgreer,The Last Stand,3,2024-07-18 20:16:10
matthew45,Love in the Rain,1,2024-09-23 10:40:20
pbriggs,Underwater Secrets,5,2024-04-13 03:38:58
karen45,The Dark Knight Returns,4,2024-05-30 10:20:41
lsmith,Underwater Secrets,5,2024-06-12 07:28:11
matthewortiz,Mystery of the Stars,1,2024-09-27 16:31:02
tsmith,Journey Through Time,4,2024-09-19 02:10:02
emily70,The Great Adventure,3,2024-10-01 01:37:30
alexandercarolyn,Sunset Boulevard,4,2024-11-10 10:08:17
kbell,Underwater Secrets,5,2024-10-26 03:32:46
samanthaward,Journey Through Time,3,2024-11-15 13:09:52
matthew45,The Last Stand,1,2024-04-06 09:05:11
zlawrence,Journey Through Time,2,2024-10-07 16:28:01
joseph98,Space Odyssey,3,2024-08-18 01:08:20
johnlawson,The Great Adventure,5,2024-03-25 11:57:23
janespence,Underwater Secrets,3,2024-03-04 07:59:40
robertcurry,Space Odyssey,2,2024-09-24 18:07:56
casey59,Underwater Secrets,1,2024-01-19 08:22:10
karen45,Sunset Boulevard,1,2024-12-02 23:22:58
whitethomas,Mystery of the Stars,5,2024-04-24 13:08:25
andrew76,The Great Adventure,3,2024-09-20 08:49:56
elizabethmurphy,Journey Through Time,2,2024-11-15 00:54:09
casey59,Mystery of the Stars,2,2024-04-11 07:02:28
cbenjamin,Mystery of the Stars,3,2024-08-15 19:45:02
lanekatherine,The Great Adventure,2,2024-11-10 23:45:58
jonesmary,The Great Adventure,1,2024-06-24 15:08:22
johnlawson,The Last Stand,4,2024-01-09 06:02:58
juan03,Journey Through Time,3,2024-08-28 19:11:27
terrence24,Underwater Secrets,1,2024-04-02 07:19:18
shafferbreanna,The Dark Knight Returns,5,2024-09-20 01:43:26
william10,Love in the Rain,1,2024-11-09 09:10:43
vaughndavid,Mystery of the Stars,1,2024-11-30 15:30:11
kbell,The Great Adventure,2,2024-07-10 18:06:14
david21,Love in the Rain,1,2024-06-26 20:09:55
bethanysmith,The Great Adventure,3,2024-03-08 18:38:08
joseph98,The Dark Knight Returns,5,2024-05-05 04:51:32
whitethomas,The Last Stand,3,2024-12-17 21:14:28
mary57,Mystery of the Stars,2,2024-09-04 18:45:29
emily70,Mystery of the Stars,5,2024-09-27 08:20:07
juan03,The Dark Knight Returns,1,2024-05-03 14:13:07
colleensanford,Journey Through Time,2,2024-05-24 08:59:30
william10,Journey Through Time,2,2024-08-07 17:36:39
juarezbrandon,Underwater Secrets,5,2024-01-17 12:58:34
jgreer,Love in the Rain,3,2024-05-21 21:09:43
kennethschmidt,Alien Invasion,3,2024-12-12 16:15:30
robertcurry,Love in the Rain,5,2024-11-11 19:22:51
tvazquez,Love in the Rain,5,2024-03-20 14:09:58
kennethschmidt,The Last Stand,4,2024-05-22 15:43:12
juarezbrandon,Alien Invasion,1,2024-03-02 15:56:43
robertskatelyn,Journey Through Time,4,2024-04-06 12:51:19
qmartin,Journey Through Time,1,2024-06-28 07:44:38
whitethomas,Mystery of the Stars,4,2024-01-14 19:18:50
josetodd,The Great Adventure,3,2024-09-27 13:07:49
terrence24,Underwater Secrets,1,2024-08-03 06:03:57
davisleslie,Alien Invasion,5,2024-03-01 02:58:14
ejohnson,Journey Through Time,5,2024-06-26 06:51:49
vincent43,The Last Stand,2,2024-11-16 18:53:29
matthewortiz,Love in the Rain,4,2024-08-07 15:54:44
samuel35,Alien Invasion,3,2024-12-16 10:00:49
shafferbreanna,Journey Through Time,4,2024-10-22 07:52:33
brewermartha,Love in the Rain,5,2024-10-19 06:42:46
david21,Journey Through Time,2,2024-11-23 12:32:29
kennethschmidt,The Last Stand,1,2024-11-05 03:26:23
casey59,Love in the Rain,5,2024-03-04 03:50:54
cbrooks,The Dark Knight Returns,1,2024-11-18 11:53:32
bowenmichael,The Last Stand,5,2024-06-18 22:24:59
scott07,The Dark Knight Returns,2,2024-10-14 08:41:33
andersonandre,Space Odyssey,1,2024-08-08 01:44:02
dominguezandrea,Mystery of the Stars,5,2024-02-27 06:46:40
andersonandre,Journey Through Time,5,2024-08-22 07:11:09
andrew76,Alien Invasion,1,2024-06-03 07:29:25
kennethschmidt,Mystery of the Stars,4,2024-07-08 08:10:18
cbrooks,Sunset Boulevard,5,2024-02-08 16:58:51
steveburgess,Underwater Secrets,2,2024-08-24 18:18:15
jonestracy,Journey Through Time,5,2024-01-17 13:01:38
kaylahernandez,The Last Stand,1,2024-06-23 18:16:12
joshuabarber,The Last Stand,5,2024-01-13 17:20:24
thomasfreeman,The Great Adventure,1,2024-11-28 16:15:24
marie27,Mystery of the Stars,2,2024-06-24 17:13:08
tsmith,The Last Stand,5,2024-02-22 12:24:57
thomasfreeman,The Great Adventure,3,2024-04-07 16:17:45
kbell,Alien Invasion,1,2024-10-04 12:53:51
whitethomas,The Last Stand,5,2024-06-20 08:56:44
sandersdavid,Mystery of the Stars,1,2024-08-12 19:46:09
robertcurry,The Last Stand,5,2024-07-14 04:35:21
alisha12,Mystery of the Stars,5,2024-09-23 03:34:47
janespence,Love in the Rain,1,2024-06-26 04:54:50
thomasfreeman,Underwater Secrets,4,2024-04-16 11:33:46
gwalker,The Dark Knight Returns,3,2024-08-18 18:02:42
sally03,Mystery of the Stars,1,2024-07-09 17:17:52
nle,The Last Stand,4,2024-03-30 08:09:43
robertskatelyn,Journey Through Time,2,2024-10-02 05:43:22
freynolds,Love in the Rain,1,2024-03-11 07:01:46
dianariggs,The Great Adventure,3,2024-03-17 12:46:33
timothyperez,Sunset Boulevard,1,2024-10-28 11:07:34
elizabethmurphy,Mystery of the Stars,1,2024-09-20 13:24:04
jennifer10,Journey Through Time,4,2024-05-05 16:57:20
thomasfreeman,Underwater Secrets,4,2024-03-10 21:40:30
derekgallegos,The Last Stand,1,2024-06-07 10:59:27
fmiddleton,Alien Invasion,3,2024-01-26 16:31:24
fmiddleton,The Last Stand,1,2024-04-13 01:12:27
whitethomas,Journey Through Time,3,2024-01-15 19:42:46
samanthaward,Underwater Secrets,5,2024-04-21 02:45:59
brewermartha,Journey Through Time,4,2024-06-14 21:25:55
mary74,Underwater Secrets,1,2024-11-06 19:22:37
emily70,The Last Stand,3,2024-10-22 08:27:57
elizabethmurphy,The Last Stand,2,2024-10-05 19:41:31
srios,Mystery of the Stars,5,2024-10-07 09:21:00
joshua03,Journey Through Time,3,2024-04-19 13:39:35
ejohnson,Underwater Secrets,4,2024-10-21 00:52:10
matthewsanchez,Love in the Rain,2,2024-12-05 21:30:44
juan03,Alien Invasion,2,2024-05-10 01:46:42
lanekatherine,Alien Invasion,1,2024-08-29 07:13:27
herrerasharon,The Great Adventure,3,2024-03-09 11:33:49
josetodd,Love in the Rain,3,2024-02-23 05:52:12
davisjoel,Mystery of the Stars,3,2024-12-06 01:58:42
karen45,Love in the Rain,2,2024-10-20 05:06:42
jennifer10,The Dark Knight Returns,1,2024-03-10 14:33:08
herrerasharon,The Last Stand,5,2024-11-08 14:00:50
samanthaward,Underwater Secrets,3,2024-01-17 04:06:26
herrerasharon,Love in the Rain,1,2024-01-08 07:18:46
sharon97,Alien Invasion,2,2024-10-13 06:14:37
kimberly44,Mystery of the Stars,2,2024-12-19 00:00:26
toddbenson,The Great Adventure,3,2024-10-31 17:12:49
josetodd,Journey Through Time,3,2024-04-25 14:09:20
lawsonbarbara,Journey Through Time,5,2024-11-23 09:16:49
alexandercarolyn,The Great Adventure,2,2024-05-16 07:46:55
sally03,Alien Invasion,1,2024-06-27 07:25:04
derekgallegos,Underwater Secrets,1,2024-02-17 19:54:33
ybaker,Love in the Rain,3,2024-01-18 20:31:53
henrypamela,Journey Through Time,5,2024-10-28 07:37:59
wcochran,Alien Invasion,2,2024-12-08 06:53:02
herrerasharon,Love in the Rain,1,2024-05-07 03:40:11
davisleslie,Mystery of the Stars,5,2024-08-19 22:04:24
henrypamela,Underwater Secrets,4,2024-11-20 23:53:56
marie27,Underwater Secrets,2,2024-04-03 09:09:11
jennifer10,Alien Invasion,2,2024-05-22 13:42:28
joseph98,Alien Invasion,1,2024-03-28 07:39:23
carrieanderson,Underwater Secrets,4,2024-02-12 00:37:45
cbrooks,Journey Through Time,2,2024-08-21 13:22:42
samuel35,Love in the Rain,5,2024-07-21 13:49:45
davisleslie,Underwater Secrets,4,2024-03-04 17:25:33
robertskatelyn,Love in the Rain,3,2024-11-10 06:46:39
wcochran,The Last Stand,4,2024-04-15 16:24:29
tammiematthews,Alien Invasion,4,2024-10-27 22:02:25
joshuabarber,The Dark Knight Returns,1,2024-11-17 12:54:46
joshua03,The Last Stand,3,2024-01-07 05:02:12
colleensanford,Underwater Secrets,3,2024-03-16 09:51:56
mortonsuzanne,The Last Stand,2,2024-06-10 09:04:44
thomasfreeman,Mystery of the Stars,2,2024-09-20 09:45:43
christine95,The Last Stand,1,2024-04-02 02:16:11
ybaker,The Dark Knight Returns,5,2024-05-18 13:08:34
steveburgess,The Great Adventure,5,2024-01-11 08:56:28
zlawrence,Alien Invasion,3,2024-02-18 06:03:36
vincent43,Mystery of the Stars,3,2024-09-12 04:31:31
joshua03,The Great Adventure,4,2024-10-03 19:11:51
ejohnson,Underwater Secrets,2,2024-12-09 19:53:49
davisleslie,The Last Stand,4,2024-11-05 14:51:35
ejohnson,Underwater Secrets,1,2024-04-13 04:37:11
robertcurry,Love in the Rain,3,2024-01-26 13:58:55
joseph98,Alien Invasion,1,2024-04-16 16:57:43
morrisonroy,Underwater Secrets,5,2024-07-05 23:19:24
william10,Mystery of the Stars,5,2024-05-10 08:49:44
colleensanford,Underwater Secrets,4,2024-09-18 20:22:19
matthew45,Alien Invasion,2,2024-03-24 01:36:40
henrypamela,The Last Stand,4,2024-01-24 01:44:29
kimberly44,Journey Through Time,3,2024-06-08 23:08:45
lanekatherine,Journey Through Time,3,2024-03-20 07:31:46
nporter,Journey Through Time,1,2024-02-25 09:14:42
vincent43,Underwater Secrets,4,2024-02-06 14:45:41
samuel35,Love in the Rain,3,2024-07-20 17:18:24
mary57,The Great Adventure,4,2024-09-21 13:29:58
carrieanderson,Underwater Secrets,5,2024-01-16 01:25:58
randy79,Mystery of the Stars,2,2024-09-29 02:51:59
matthewsanchez,The Great Adventure,5,2024-08-15 19:20:10
juan03,The Great Adventure,3,2024-08-04 05:06:38
jonestracy,Alien Invasion,3,2024-11-25 02:43:51
samuel35,Alien Invasion,5,2024-05-24 18:32:46
samanthaward,Alien Invasion,5,2024-08-03 20:50:16
alisha12,Alien Invasion,5,2024-05-26 01:37:33
jonestracy,Alien Invasion,4,2024-03-31 20:37:06
samanthaward,Love in the Rain,4,2024-06-28 14:25:57
randy79,Journey Through Time,3,2024-02-13 22:29:47
mortonsuzanne,Mystery of the Stars,3,2024-05-18 03:22:07
qmartin,The Dark Knight Returns,4,2024-04-22 00:23:03
juarezbrandon,The Dark Knight Returns,5,2024-05-28 18:26:48
qmartin,Alien Invasion,1,2024-11-26 21:05:45
freynolds,The Dark Knight Returns,3,2024-06-28 01:36:13
bowenmichael,Alien Invasion,1,2024-04-24 21:57:28
dakotarogers,Underwater Secrets,2,2024-07-01 16:21:09
steveburgess,Underwater Secrets,5,2024-03-19 17:30:35
thomasfreeman,The Last Stand,4,2024-02-29 07:32:04
whitethomas,The Dark Knight Returns,4,2024-04-09 00:47:21
hurstteresa,Mystery of the Stars,3,2024-04-30 08:42:29
nicholasdawson,The Great Adventure,3,2024-10-30 03:17:41
karen45,The Last Stand,2,2024-11-18 07:44:40
elizabethmurphy,Journey Through Time,1,2024-11-07 15:14:33
samanthaward,The Dark Knight Returns,1,2024-02-19 23:28:54
william10,The Dark Knight Returns,1,2024-06-25 04:05:07
juan03,Love in the Rain,1,2024-06-10 13:15:57
carrieanderson,The Dark Knight Returns,3,2024-02-07 09:43:42
cbrooks,The Great Adventure,2,2024-11-28 04:14:59
hurstteresa,The Dark Knight Returns,1,2024-07-19 13:01:45
brewermartha,The Last Stand,2,2024-06-22 19:31:37
colleensanford,The Dark Knight Returns,4,2024-03-01 21:12:53
scott07,Space Odyssey,4,2024-10-17 07:17:26
mortonsuzanne,Underwater Secrets,4,2024-01-10 08:00:52
carrieanderson,Space Odyssey,2,2024-11-25 04:36:15
dominguezandrea,Love in the Rain,1,2024-01-21 05:13:33
joneskarl,Underwater Secrets,4,2024-10-08 18:46:45
shafferbreanna,Alien Invasion,4,2024-08-16 15:43:48
dakotarogers,Mystery of the Stars,3,2024-12-14 12:02:25
nporter,Underwater Secrets,2,2024-01-26 20:31:27
marie27,Alien Invasion,1,2024-08-14 10:32:14
juan03,Love in the Rain,1,2024-06-06 12:13:18
toddbenson,Love in the Rain,4,2024-09-15 05:56:07
vincent43,Underwater Secrets,4,2024-06-13 11:34:53
cbrooks,Sunset Boulevard,2,2024-04-09 23:50:20
sandersdavid,Space Odyssey,1,2024-07-22 05:35:00
carrieanderson,Love in the Rain,5,2024-04-21 17:52:07
timothyperez,The Dark Knight Returns,1,2024-09-16 03:11:36
timothyperez,Journey Through Time,2,2024-12-02 00:20:36
samantharodriguez,Love in the Rain,1,2024-03-14 20:31:07
fmiddleton,Mystery of the Stars,5,2024-02-05 07:25:32
toddbenson,Alien Invasion,2,2024-09-23 14:08:06
wcochran,Underwater Secrets,1,2024-08-13 17:22:55
nporter,The Last Stand,5,2024-10-19 13:11:36
joneskarl,Alien Invasion,5,2024-01-22 18:04:18
joshuabarber,Love in the Rain,2,2024-02-13 05:23:22
nicholasdawson,Journey Through Time,1,2024-01-11 22:23:03
matthewortiz,Mystery of the Stars,2,2024-07-03 16:35:39
thomasfreeman,Journey Through Time,4,2024-05-03 08:00:21
alisha12,The Great Adventure,2,2024-06-12 09:34:39
maryjimenez,Journey Through Time,1,2024-05-24 02:01:43
shafferbreanna,The Great Adventure,3,2024-04-18 11:59:00
joneskarl,Alien Invasion,4,2024-03-27 22:43:21
lanekatherine,Underwater Secrets,1,2024-10-08 16:19:38
josetodd,Journey Through Time,5,2024-04-13 00:35:43
cbrooks,The Dark Knight Returns,3,2024-05-16 08:34:46
davisleslie,Love in the Rain,5,2024-02-13 05:48:40
marie27,Underwater Secrets,2,2024-07-23 15:25:01
jgreer,Underwater Secrets,1,2024-11-05 09:45:36
herrerasharon,Journey Through Time,1,2024-01-02 06:48:10
sharon97,The Dark Knight Returns,1,2024-04-13 00:08:50
kimberly44,The Dark Knight Returns,3,2024-02-05 05:48:39
matthew45,Alien Invasion,4,2024-11-03 10:59:55
maryjimenez,The Dark Knight Returns,5,2024-11-08 13:28:27
whitethomas,Underwater Secrets,1,2024-06-14 11:29:12
toddbenson,Underwater Secrets,2,2024-10-19 19:26:31
samuel35,Journey Through Time,1,2024-02-18 15:37:52
vaughndavid,Underwater Secrets,2,2024-03-08 17:36:30
jenkinsjennifer,Alien Invasion,4,2024-05-13 20:44:12
randy79,Love in the Rain,2,2024-01-19 02:10:13
jennifer10,Underwater Secrets,3,2024-10-31 20:17:15
tapiamelissa,Underwater Secrets,5,2024-03-13 09:36:48
wcochran,The Great Adventure,4,2024-04-13 19:14:34
teresa61,Love in the Rain,1,2024-10-23 14:39:23
emily70,Journey Through Time,5,2024-11-04 11:37:21
ybaker,The Great Adventure,5,2024-11-20 21:00:19
josetodd,The Dark Knight Returns,2,2024-07-25 12:42:47
mary74,Underwater Secrets,3,2024-11-14 06:27:35
pbriggs,The Dark Knight Returns,3,2024-03-31 10:16:02
kaylahernandez,Underwater Secrets,4,2024-05-18 10:24:26
christine95,The Great Adventure,1,2024-07-27 10:38:59
robertskatelyn,Journey Through Time,1,2024-03-15 12:35:03
fmiddleton,The Great Adventure,5,2024-10-12 08:33:21
jonestracy,Underwater Secrets,3,2024-05-05 13:33:51
emily70,Alien Invasion,5,2024-03-31 12:59:34
sandersdavid,Underwater Secrets,2,2024-01-27 23:38:29
jennifer10,Underwater Secrets,5,2024-02-27 10:58:09
scott07,The Last Stand,2,2024-07-02 12:00:04
matthewortiz,Journey Through Time,1,2024-01-10 21:06:33
vaughndavid,The Dark Knight Returns,1,2024-11-21 13:57:50
kennethschmidt,The Great Adventure,5,2024-01-28 09:47:23
johnlawson,Underwater Secrets,4,2024-03-30 12:45:48
cbrooks,The Last Stand,4,2024-11-15 04:35:12
jenkinsjennifer,Journey Through Time,1,2024-06-06 01:51:56
nicholasdawson,Love in the Rain,2,2024-10-24 23:49:06
sandersdavid,Underwater Secrets,5,2024-05-10 17:38:18
lawsonbarbara,The Great Adventure,1,2024-09-15 22:35:55
zlawrence,The Great Adventure,4,2024-04-10 16:50:08
dakotarogers,Underwater Secrets,5,2024-10-07 06:11:58
tammiematthews,The Great Adventure,4,2024-12-02 08:22:02
herrerasharon,Alien Invasion,1,2024-06-09 10:20:20
cbenjamin,The Dark Knight Returns,1,2024-12-01 03:14:10
tsmith,The Great Adventure,3,2024-06-05 01:44:00
elizabethmurphy,Love in the Rain,3,2024-06-10 23:35:18
sandersdavid,Underwater Secrets,1,2024-09-11 12:24:55
tammiematthews,Mystery of the Stars,4,2024-02-26 19:45:30
tsmith,Mystery of the Stars,5,2024-01-01 01:34:00
samanthaward,The Great Adventure,5,2024-02-12 08:19:47
jenkinsjennifer,The Dark Knight Returns,1,2024-12-04 15:43:41
elizabethmurphy,Love in the Rain,5,2024-09-29 16:02:41
mvazquez,Underwater Secrets,1,2024-10-21 04:30:58
nle,The Dark Knight Returns,2,2024-03-10 15:20:40
mortonsuzanne,Journey Through Time,4,2024-09-12 22:41:14
dianariggs,Mystery of the Stars,3,2024-10-24 18:34:21
nicholasdawson,Underwater Secrets,5,2024-11-24 12:49:07
andersonandre,The Last Stand,4,2024-01-23 15:31:30
kbell,The Dark Knight Returns,2,2024-06-23 08:16:45
henrypamela,Underwater Secrets,2,2024-01-09 08:08:39
matthewsanchez,Love in the Rain,4,2024-01-01 22:51:49
sally03,Alien Invasion,1,2024-12-04 03:28:13
elizabethmurphy,Alien Invasion,5,2024-12-10 00:54:38
sharon97,Underwater Secrets,3,2024-06-24 05:59:13
alisha12,Love in the Rain,5,2024-02-11 05:24:32
casey59,Underwater Secrets,3,2024-07-28 21:38:45
william10,Alien Invasion,2,2024-11-01 21:05:21
mvazquez,Love in the Rain,1,2024-12-09 06:52:27
herrerasharon,The Great Adventure,5,2024-10-15 18:22:50
vaughndavid,The Dark Knight Returns,5,2024-12-06 09:35:52
gwalker,The Dark Knight Returns,5,2024-01-11 03:52:33
lanekatherine,Underwater Secrets,4,2024-07-05 17:32:55
vincent43,The Last Stand,3,2024-01-29 03:23:39
david21,Underwater Secrets,1,2024-08-07 06:31:34
scott07,Love in the Rain,2,2024-10-25 09:26:52
randy79,The Last Stand,4,2024-03-04 13:43:10
nle,The Great Adventure,3,2024-06-13 22:48:48
casey59,Underwater Secrets,2,2024-05-18 15:26:46
dianariggs,Sunset Boulevard,1,2024-05-14 10:45:09
zlawrence,The Great Adventure,3,2024-04-17 16:52:36
janespence,Love in the Rain,1,2024-08-21 00:46:07
josetodd,The Last Stand,1,2024-07-22 16:30:15
wcochran,Alien Invasion,1,2024-08-17 01:50:03
alisha12,The Dark Knight Returns,4,2024-07-05 14:59:26
ramoscarol,The Dark Knight Returns,2,2024-09-24 07:37:36
andersonandre,The Great Adventure,5,2024-02-27 04:12:31
cbenjamin,The Great Adventure,1,2024-02-27 03:45:16
davisleslie,Mystery of the Stars,5,2024-02-26 05:44:10
dakotarogers,Journey Through Time,2,2024-08-23 19:39:18
kimberly44,Underwater Secrets,5,2024-04-25 01:22:14
colleensanford,The Dark Knight Returns,1,2024-10-09 10:14:45
robertskatelyn,The Last Stand,1,2024-05-11 07:23:33
jonestracy,The Last Stand,1,2024-08-08 12:25:48
vincent43,The Great Adventure,1,2024-12-17 00:51:43
william10,The Dark Knight Returns,3,2024-07-31 05:32:39
cbenjamin,Underwater Secrets,1,2024-07-12 02:47:55
tammiematthews,The Dark Knight Returns,2,2024-04-17 17:30:41
tammiematthews,Journey Through Time,5,2024-11-18 00:53:50
emily70,Underwater Secrets,3,2024-10-15 20:27:13
scott07,Love in the Rain,5,2024-06-29 10:24:38
bowenmichael,The Dark Knight Returns,4,2024-09-20 05:03:42
reidbetty,The Great Adventure,3,2024-03-24 22:13:27
samuel35,Underwater Secrets,5,2024-02-01 20:50:51
alexandercarolyn,Underwater Secrets,4,2024-10-31 22:44:53
mvazquez,The Last Stand,5,2024-12-12 20:31:05
juan03,The Last Stand,4,2024-06-06 02:23:58
mvazquez,The Dark Knight Returns,5,2024-02-29 09:40:41
jenkinsjennifer,Journey Through Time,1,2024-03-27 05:37:53
wcochran,The Great Adventure,1,2024-11-26 22:53:25
mary74,Space Odyssey,5,2024-11-06 00:18:38
henrypamela,Alien Invasion,1,2024-01-21 10:11:02
davisjoel,Mystery of the Stars,1,2024-03-31 05:26:14
jonestracy,Underwater Secrets,4,2024-08-28 00:49:00
srios,The Dark Knight Returns,1,2024-09-19 09:41:53
kennethschmidt,The Last Stand,4,2024-03-14 21:50:40
gwalker,Mystery of the Stars,3,2024-05-25 00:38:54
emily70,Love in the Rain,5,2024-11-15 10:03:07
kaylahernandez,Journey Through Time,2,2024-03-24 15:25:47
whitethomas,The Dark Knight Returns,4,2024-01-12 11:44:02
zlawrence,Space Odyssey,3,2024-08-30 09:14:32
ejohnson,Underwater Secrets,2,2024-08-08 13:47:20
terrence24,The Last Stand,2,2024-07-02 16:19:14
terrence24,Underwater Secrets,1,2024-06-06 01:21:48
nicholasdawson,Journey Through Time,1,2024-11-20 23:21:08
jgreer,Alien Invasion,1,2024-04-17 18:35:27
hurstteresa,Underwater Secrets,2,2024-06-11 16:25:11
kbell,The Great Adventure,3,2024-11-25 02:16:31
kennethjohnson,The Dark Knight Returns,1,2024-10-11 10:18:19
zlawrence,Journey Through Time,4,2024-05-04 11:24:42
cbrooks,Journey Through Time,3,2024-04-26 19:26:58
matthew45,Journey Through Time,3,2024-02-17 06:19:45
robertcurry,Underwater Secrets,4,2024-07-25 18:58:02
timothyperez,Love in the Rain,5,2024-07-15 15:24:01
cbenjamin,The Dark Knight Returns,5,2024-04-21 11:18:53
teresa61,Mystery of the Stars,1,2024-10-15 09:03:00
joseph98,Love in the Rain,3,2024-03-31 10:08:55
casey59,Love in the Rain,4,2024-05-03 22:06:04
janespence,The Last Stand,3,2024-01-16 12:26:27
terrence24,Alien Invasion,2,2024-07-19 16:37:21
mary74,Mystery of the Stars,3,2024-11-30 08:04:18
emily70,Underwater Secrets,5,2024-02-12 20:36:07
davisleslie,Underwater Secrets,1,2024-03-30 18:29:08
matthew45,Sunset Boulevard,2,2024-08-14 13:15:06
sandersdavid,Love in the Rain,3,2024-09-17 22:29:28
samuel35,Love in the Rain,3,2024-09-12 05:39:08
gwalker,Love in the Rain,3,2024-07-27 01:22:49
alisha12,The Dark Knight Returns,2,2024-08-08 03:24:03
robertmoreno,Love in the Rain,1,2024-08-19 23:38:15
elizabethmurphy,Alien Invasion,3,2024-06-29 01:06:21
lanekatherine,Love in the Rain,2,2024-09-25 16:01:27
jenkinsjennifer,The Great Adventure,4,2024-04-28 03:29:55
samanthaward,The Last Stand,3,2024-05-01 05:47:56
hurstteresa,The Dark Knight Returns,1,2024-03-04 23:43:55
juan03,Sunset Boulevard,4,2024-05-20 14:18:14
herrerasharon,Journey Through Time,3,2024-03-26 04:36:14
nporter,Love in the Rain,4,2024-12-13 06:59:33
vaughndavid,The Last Stand,5,2024-07-15 17:06:55
elizabethmurphy,The Great Adventure,1,2024-11-30 13:54:58
jonestracy,Mystery of the Stars,2,2024-05-30 08:42:14
dakotarogers,Journey Through Time,5,2024-09-22 18:12:01
elizabethmurphy,The Last Stand,5,2024-12-09 16:01:20
vincent43,Mystery of the Stars,5,2024-05-24 12:03:18
hurstteresa,Journey Through Time,3,2024-06-10 02:56:42
toddbenson,Mystery of the Stars,1,2024-01-17 14:02:03
juan03,Journey Through Time,3,2024-10-05 06:51:36
bowenmichael,Mystery of the Stars,4,2024-07-22 23:36:27
lsmith,Alien Invasion,2,2024-08-26 07:51:14
karen45,The Great Adventure,3,2024-11-19 01:54:52
josetodd,The Dark Knight Returns,4,2024-09-13 04:29:33
lawsonbarbara,Underwater Secrets,2,2024-10-19 05:44:22
davisleslie,Love in the Rain,4,2024-11-08 03:19:17
snguyen,Underwater Secrets,1,2024-07-17 21:52:34
nporter,Love in the Rain,5,2024-04-05 04:27:46
jgreer,Underwater Secrets,3,2024-08-20 04:52:11
sharon97,Mystery of the Stars,4,2024-12-04 20:49:39
marie27,Underwater Secrets,3,2024-07-20 22:45:40
snguyen,The Last Stand,4,2024-01-27 08:15:44
toddbenson,Love in the Rain,2,2024-10-14 12:03:46
dominguezandrea,Underwater Secrets,2,2024-10-09 04:28:14
mortonsuzanne,Alien Invasion,4,2024-09-15 22:25:55
andersonandre,Alien Invasion,1,2024-10-27 04:29:36
cbrooks,Underwater Secrets,1,2024-02-17 12:07:29
robertskatelyn,Alien Invasion,2,2024-03-18 18:00:27
cbrooks,Love in the Rain,1,2024-12-19 20:11:06
william10,Journey Through Time,5,2024-02-08 19:49:15
tapiamelissa,The Last Stand,2,2024-08-05 14:26:28
sharon97,The Dark Knight Returns,4,2024-05-02 15:34:27
mvazquez,Underwater Secrets,2,2024-03-29 20:12:19
scott07,Underwater Secrets,4,2024-10-09 16:46:41
bethanysmith,Underwater Secrets,5,2024-10-25 18:22:11
sharon97,Journey Through Time,4,2024-11-13 06:46:52
snguyen,Mystery of the Stars,4,2024-04-16 13:23:37
qmartin,Alien Invasion,2,2024-09-10 22:36:22
kaylahernandez,Underwater Secrets,2,2024-03-04 03:55:35
samanthaward,Underwater Secrets,1,2024-07-20 23:25:36
kennethschmidt,The Great Adventure,4,2024-04-19 10:13:45
kaylahernandez,The Dark Knight Returns,3,2024-02-29 04:40:26
tapiamelissa,Journey Through Time,5,2024-05-14 23:57:52
randy79,Journey Through Time,3,2024-11-23 19:47:57
lanekatherine,The Dark Knight Returns,4,2024-07-15 22:31:48
sharon97,The Last Stand,3,2024-06-07 09:12:07
qmartin,Sunset Boulevard,5,2024-11-22 15:55:08
henrypamela,The Dark Knight Returns,4,2024-05-10 01:00:12
lawsonbarbara,Underwater Secrets,1,2024-07-13 08:38:27
timothyperez,The Dark Knight Returns,3,2024-07-20 20:24:25
jgreer,Alien Invasion,4,2024-09-29 02:28:27
henrypamela,Journey Through Time,5,2024-03-30 19:15:31
kennethschmidt,The Dark Knight Returns,3,2024-09-09 08:57:03
mary57,The Dark Knight Returns,5,2024-03-17 13:56:05
jonesmary,Love in the Rain,4,2024-07-10 13:49:27
elizabethmurphy,Alien Invasion,5,2024-09-11 23:44:48
joshua03,The Dark Knight Returns,1,2024-09-01 16:26:16
tsmith,Underwater Secrets,5,2024-08-31 14:54:39
joseph98,Journey Through Time,5,2024-09-14 06:05:29
elizabethmurphy,The Dark Knight Returns,4,2024-02-17 19:06:03
tapiamelissa,The Great Adventure,1,2024-01-24 22:26:15
bethanysmith,Underwater Secrets,2,2024-01-30 06:08:54
morrisonroy,Underwater Secrets,2,2024-10-27 17:25:31
herrerasharon,The Last Stand,4,2024-06-12 00:01:33
davisleslie,Journey Through Time,5,2024-10-07 22:37:58
srios,The Last Stand,3,2024-09-12 04:28:31
ybaker,The Dark Knight Returns,5,2024-04-11 07:57:34
tsmith,Sunset Boulevard,5,2024-08-05 03:24:51
kaylahernandez,Mystery of the Stars,3,2024-09-19 10:05:39
elizabethmurphy,Mystery of the Stars,1,2024-05-03 15:03:02
reidbetty,The Last Stand,1,2024-12-10 09:46:26
davisleslie,The Last Stand,5,2024-09-01 23:15:23
bowenmichael,The Last Stand,2,2024-08-17 23:18:28
nle,The Dark Knight Returns,1,2024-06-08 10:43:09
david21,The Dark Knight Returns,5,2024-09-24 21:08:27
reidbetty,Love in the Rain,2,2024-01-08 20:14:30
timothyperez,Underwater Secrets,5,2024-09-26 10:29:56
maryjimenez,The Last Stand,5,2024-09-01 06:12:15
ejohnson,The Dark Knight Returns,5,2024-08-18 03:08:19
nicholasdawson,The Great Adventure,1,2024-04-01 04:04:04
toddbenson,Underwater Secrets,4,2024-10-16 20:36:49
joshua03,The Dark Knight Returns,2,2024-07-31 07:33:25
thomasfreeman,Space Odyssey,2,2024-05-29 13:29:39
tvazquez,The Dark Knight Returns,4,2024-08-13 14:12:36
jenkinsjennifer,The Great Adventure,4,2024-01-14 11:34:50
brewermartha,Journey Through Time,4,2024-04-06 13:36:33
joshuabarber,Love in the Rain,4,2024-12-16 07:59:26
andrew76,Alien Invasion,2,2024-09-17 02:46:58
mvazquez,Underwater Secrets,4,2024-10-16 13:48:15
randy79,Underwater Secrets,1,2024-09-10 19:23:03
christine95,Journey Through Time,5,2024-08-23 13:16:18
emily70,The Great Adventure,2,2024-05-02 03:07:43
joseph98,The Great Adventure,3,2024-02-16 19:30:24
morrisonroy,Love in the Rain,3,2024-05-06 15:53:04
marie27,The Great Adventure,3,2024-07-26 14:48:37
jonestracy,Journey Through Time,2,2024-09-24 02:53:36
qmartin,Love in the Rain,3,2024-03-23 13:22:24
derekgallegos,Love in the Rain,4,2024-04-18 20:14:12
jgreer,The Great Adventure,1,2024-09-08 18:00:42
jenkinsjennifer,The Last Stand,3,2024-12-01 10:58:23
elizabethmurphy,Mystery of the Stars,3,2024-02-15 19:18:58
pbriggs,The Dark Knight Returns,3,2024-08-18 23:04:40
mvazquez,Underwater Secrets,5,2024-07-08 02:27:18
srios,The Last Stand,3,2024-01-22 16:04:04
nporter,The Great Adventure,1,2024-11-17 08:24:55
nicholasdawson,The Dark Knight Returns,4,2024-03-06 21:21:59
whitethomas,The Great Adventure,5,2024-06-18 14:13:31
thomasfreeman,Love in the Rain,2,2024-08-12 03:35:03
janespence,The Dark Knight Returns,4,2024-10-21 15:01:18
derekgallegos,The Great Adventure,5,2024-12-06 09:05:26
tapiamelissa,Sunset Boulevard,2,2024-06-18 05:13:45
bowenmichael,The Great Adventure,4,2024-09-08 16:14:02
elizabethmurphy,Underwater Secrets,3,2024-06-17 08:47:35
mary57,Underwater Secrets,2,2024-07-31 06:10:24
dakotarogers,The Great Adventure,3,2024-04-23 00:29:13
marie27,The Dark Knight Returns,3,2024-10-22 13:51:41
jonestracy,Underwater Secrets,2,2024-09-26 21:40:16
toddbenson,Journey Through Time,5,2024-08-14 11:38:36
joshuabarber,Love in the Rain,2,2024-09-23 23:02:31
joneskarl,Love in the Rain,1,2024-01-18 18:31:13
morrisonroy,Underwater Secrets,4,2024-10-09 17:55:13
tvazquez,Love in the Rain,5,2024-10-07 10:20:21
herrerasharon,Mystery of the Stars,4,2024-05-14 16:07:06
maryjimenez,The Great Adventure,3,2024-04-25 05:08:20
kimberly44,The Great Adventure,4,2024-07-25 05:34:40
sandersdavid,Alien Invasion,5,2024-10-08 18:57:58
nicholasdawson,Underwater Secrets,3,2024-07-21 12:09:35
dominguezandrea,The Dark Knight Returns,4,2024-06-24 08:54:36
christine95,The Dark Knight Returns,4,2024-03-18 23:24:26
kennethschmidt,The Dark Knight Returns,2,2024-08-02 22:32:50
lawsonbarbara,Love in the Rain,4,2024-02-09 11:19:24
nle,Mystery of the Stars,3,2024-05-05 20:40:51
kimberly44,The Great Adventure,3,2024-04-27 16:41:21
morrisonroy,Love in the Rain,1,2024-11-11 06:41:47
brewermartha,The Great Adventure,1,2024-12-03 19:57:59
colleensanford,Underwater Secrets,2,2024-11-08 16:51:53
sandersdavid,Love in the Rain,3,2024-10-29 08:25:17
brewermartha,The Great Adventure,3,2024-10-06 18:38:51
bethanysmith,The Last Stand,4,2024-10-17 23:39:23
samanthaward,The Great Adventure,1,2024-06-01 22:30:35
freynolds,Journey Through Time,5,2024-10-31 12:51:11
cbenjamin,Underwater Secrets,5,2024-06-30 20:43:25
kennethjohnson,Journey Through Time,3,2024-08-13 16:49:33
shafferbreanna,Love in the Rain,1,2024-04-16 19:22:13
henrypamela,Love in the Rain,4,2024-03-25 07:08:09
tvazquez,The Last Stand,2,2024-03-08 23:57:48
vincent43,Sunset Boulevard,4,2024-11-21 10:58:51
derekgallegos,Love in the Rain,2,2024-03-23 19:03:51
davisjoel,The Dark Knight Returns,4,2024-06-28 22:54:54
jenkinsjennifer,Underwater Secrets,5,2024-05-04 11:23:00
henrypamela,The Last Stand,2,2024-01-03 08:01:48
robertskatelyn,Alien Invasion,1,2024-08-30 00:42:44
qmartin,The Last Stand,4,2024-10-08 05:09:53
robertmoreno,Love in the Rain,2,2024-04-26 14:27:53
sandersdavid,The Great Adventure,4,2024-12-07 16:35:12
jonestracy,Alien Invasion,3,2024-03-06 03:01:34
karen45,The Dark Knight Returns,4,2024-07-09 17:04:19
nporter,The Great Adventure,4,2024-11-08 08:07:13
carrieanderson,Mystery of the Stars,3,2024-09-07 15:03:31
kennethjohnson,Mystery of the Stars,4,2024-06-26 07:48:52
qmartin,The Great Adventure,2,2024-02-19 03:10:01
colleensanford,Alien Invasion,2,2024-10-14 19:46:05
matthewsanchez,Underwater Secrets,4,2024-11-26 15:13:09
steveburgess,The Dark Knight Returns,2,2024-03-23 06:14:01
cbenjamin,Underwater Secrets,4,2024-05-06 13:53:34
josetodd,The Last Stand,2,2024-04-06 00:58:21
kennethschmidt,Journey Through Time,5,2024-07-08 12:25:52
fmiddleton,Underwater Secrets,1,2024-03-27 08:27:32
randy79,Journey Through Time,4,2024-09-01 09:49:34
colleensanford,The Dark Knight Returns,3,2024-10-23 09:46:39
colleensanford,Underwater Secrets,5,2024-04-05 05:12:11
emily70,Mystery of the Stars,5,2024-08-07 12:22:19
thomasfreeman,Alien Invasion,1,2024-06-26 06:11:38
maryjimenez,Journey Through Time,4,2024-06-25 21:03:27
juan03,The Last Stand,5,2024-06-16 18:43:47
freynolds,The Great Adventure,3,2024-11-12 14:05:32
wcochran,The Great Adventure,5,2024-08-12 15:55:44
mary57,The Dark Knight Returns,3,2024-10-28 20:11:30
andrew76,Journey Through Time,3,2024-08-30 10:07:11
kaylahernandez,The Great Adventure,3,2024-10-28 04:42:16
dominguezandrea,Underwater Secrets,2,2024-07-24 19:12:04
kaylahernandez,The Last Stand,5,2024-05-17 04:07:28
nicholasdawson,Journey Through Time,2,2024-06-11 23:28:42
jgreer,The Last Stand,2,2024-08-21 08:31:07
bowenmichael,Love in the Rain,1,2024-07-24 23:51:04
robertskatelyn,Alien Invasion,5,2024-12-05 23:26:54
samuel35,Underwater Secrets,4,2024-05-11 16:52:23
johnlawson,Alien Invasion,2,2024-11-12 00:13:32
jgreer,Love in the Rain,3,2024-02-19 01:51:02
nicholasdawson,The Great Adventure,2,2024-02-21 02:50:23
lanekatherine,Journey Through Time,5,2024-10-04 08:21:35
brewermartha,Love in the Rain,3,2024-10-04 04:31:05
samantharodriguez,The Last Stand,2,2024-06-29 08:12:10
alisha12,Underwater Secrets,3,2024-06-07 14:56:51
gwalker,Alien Invasion,1,2024-03-30 09:58:02
jennifer10,Love in the Rain,4,2024-02-07 18:52:58
teresa61,Journey Through Time,3,2024-01-25 04:55:36
kennethschmidt,Underwater Secrets,4,2024-04-23 01:15:08
sally03,Underwater Secrets,5,2024-04-14 07:00:10
brewermartha,Underwater Secrets,1,2024-10-25 17:49:35
whitethomas,Mystery of the Stars,3,2024-04-28 15:55:18
matthew45,Mystery of the Stars,2,2024-12-17 09:13:20
whitethomas,The Last Stand,5,2024-05-30 04:48:49
nicholasdawson,The Great Adventure,5,2024-01-28 07:57:08
colleensanford,Love in the Rain,1,2024-05-11 14:50:07
andrew76,Mystery of the Stars,3,2024-04-26 22:31:34
jenkinsjennifer,The Dark Knight Returns,1,2024-01-31 05:28:11
joshuabarber,Love in the Rain,4,2024-07-20 15:23:32
davisjoel,The Last Stand,2,2024-01-28 17:54:26
kennethschmidt,Love in the Rain,2,2024-05-26 16:44:17
morrisonroy,Alien Invasion,3,2024-04-16 17:02:39
jenkinsjennifer,The Dark Knight Returns,4,2024-03-28 01:45:40
kimberly44,Journey Through Time,2,2024-11-23 12:24:36
johnlawson,Journey Through Time,1,2024-03-10 12:15:08
alexandercarolyn,Mystery of the Stars,3,2024-04-11 22:35:13
fmiddleton,Journey Through Time,3,2024-04-13 17:29:24
dakotarogers,Mystery of the Stars,3,2024-01-08 07:40:52
qmartin,The Dark Knight Returns,5,2024-07-27 14:31:48
mvazquez,Journey Through Time,5,2024-04-16 01:18:42
casey59,The Great Adventure,2,2024-08-16 18:11:51
vincent43,The Dark Knight Returns,5,2024-01-01 09:10:57
scott07,The Last Stand,5,2024-01-14 07:19:19
thomasfreeman,Alien Invasion,2,2024-01-28 01:26:32
fmiddleton,Mystery of the Stars,2,2024-08-22 09:54:00
jonestracy,Journey Through Time,4,2024-08-23 14:07:56
lawsonbarbara,Underwater Secrets,5,2024-02-05 19:03:38
thomasfreeman,The Dark Knight Returns,3,2024-12-02 13:41:59
sharon97,Love in the Rain,5,2024-07-13 00:06:02
tvazquez,Mystery of the Stars,5,2024-05-02 05:42:26
joshua03,Underwater Secrets,3,2024-10-29 14:21:01
fmiddleton,Journey Through Time,3,2024-04-10 03:09:32
ramoscarol,The Last Stand,3,2024-09-03 10:29:48
dianariggs,The Dark Knight Returns,4,2024-03-08 12:31:04
nicholasdawson,Mystery of the Stars,5,2024-04-21 12:09:53
robertcurry,Mystery of the Stars,1,2024-05-08 05:14:01
andrew76,Love in the Rain,4,2024-12-01 06:25:50
karen45,Alien Invasion,5,2024-06-23 14:32:43
vaughndavid,Alien Invasion,4,2024-07-24 06:29:28
william10,Love in the Rain,1,2024-11-26 19:24:52
david21,The Last Stand,2,2024-04-30 00:01:28
matthew45,Alien Invasion,4,2024-02-19 23:12:02
tapiamelissa,The Great Adventure,2,2024-11-20 23:26:45
teresa61,Underwater Secrets,4,2024-12-16 20:18:49
nporter,Alien Invasion,3,2024-05-05 04:47:45
juarezbrandon,Alien Invasion,5,2024-11-06 19:55:57
sandersdavid,Underwater Secrets,4,2024-01-16 19:55:05
srios,Journey Through Time,1,2024-01-23 21:03:54
vaughndavid,Mystery of the Stars,2,2024-08-17 09:53:29
thomasfreeman,Underwater Secrets,2,2024-09-21 10:47:50
joneskarl,Mystery of the Stars,2,2024-08-24 16:25:38
juan03,Underwater Secrets,1,2024-09-27 12:34:44
dakotarogers,The Great Adventure,2,2024-08-05 17:22:56
ramoscarol,The Last Stand,2,2024-05-03 08:11:40
lanekatherine,Journey Through Time,3,2024-04-29 06:58:41
sally03,The Dark Knight Returns,2,2024-07-07 12:37:35
karen45,Journey Through Time,4,2024-06-12 04:58:33
bethanysmith,Love in the Rain,2,2024-05-12 12:03:58
joseph98,Underwater Secrets,5,2024-08-24 03:51:03
timothyperez,Love in the Rain,3,2024-03-21 19:08:18
joshua03,Space Odyssey,3,2024-05-11 18:15:13
whitethomas,The Great Adventure,1,2024-12-04 18:10:33
lanekatherine,Love in the Rain,5,2024-10-04 23:34:43
cbenjamin,Underwater Secrets,5,2024-08-19 00:03:03
nporter,The Dark Knight Returns,3,2024-03-12 19:16:01
tsmith,The Great Adventure,3,2024-02-23 01:39:28
samantharodriguez,The Dark Knight Returns,4,2024-11-05 09:03:16
timothyperez,The Dark Knight Returns,3,2024-11-24 02:38:03
freynolds,The Great Adventure,1,2024-07-01 03:50:39
wcochran,Journey Through Time,2,2024-02-09 10:42:47
derekgallegos,The Dark Knight Returns,2,2024-02-04 15:23:04
matthew45,Love in the Rain,1,2024-06-12 04:13:41
ybaker,The Great Adventure,1,2024-08-05 14:52:06
henrypamela,Underwater Secrets,3,2024-01-23 09:07:04
randy79,Journey Through Time,1,2024-10-06 23:38:07
bethanysmith,The Dark Knight Returns,5,2024-10-13 13:17:30
dominguezandrea,The Great Adventure,2,2024-10-20 14:51:05
ybaker,Alien Invasion,5,2024-08-17 21:36:22
toddbenson,The Dark Knight Returns,5,2024-10-19 13:05:43
lawsonbarbara,The Great Adventure,1,2024-03-04 05:28:21
gwalker,Mystery of the Stars,5,2024-07-24 15:19:30
thomasfreeman,The Dark Knight Returns,5,2024-02-10 07:19:25
elizabethmurphy,Love in the Rain,2,2024-04-13 05:56:35
casey59,Underwater Secrets,5,2024-09-01 07:55:36
teresa61,Love in the Rain,2,2024-11-06 06:07:40
jennifer10,Underwater Secrets,1,2024-01-06 21:04:24
srios,Underwater Secrets,3,2024-08-09 22:17:25
gwalker,The Last Stand,4,2024-01-24 18:35:20
kbell,Love in the Rain,2,2024-07-16 10:45:09
kennethjohnson,The Great Adventure,5,2024-03-26 07:21:03
hurstteresa,The Dark Knight Returns,2,2024-04-11 16:15:42
janespence,Journey Through Time,3,2024-03-25 04:41:56
mary74,The Last Stand,4,2024-02-19 06:36:44
juan03,Sunset Boulevard,4,2024-03-05 00:37:43
matthewortiz,The Dark Knight Returns,1,2024-10-26 22:21:47
bethanysmith,The Last Stand,5,2024-08-07 20:09:22
tvazquez,Underwater Secrets,2,2024-11-20 06:26:45
mary57,Alien Invasion,3,2024-03-21 12:44:34
samanthaward,Mystery of the Stars,2,2024-08-12 23:35:17
thomasfreeman,The Dark Knight Returns,4,2024-01-27 13:00:55
matthewortiz,Love in the Rain,1,2024-03-17 02:15:04
herrerasharon,Love in the Rain,4,2024-06-22 09:18:28
ybaker,Underwater Secrets,2,2024-11-25 12:05:20
joseph98,Love in the Rain,1,2024-01-26 01:26:58
sally03,The Last Stand,5,2024-01-26 01:38:02
steveburgess,Journey Through Time,2,2024-07-30 03:52:54
kennethjohnson,Underwater Secrets,2,2024-11-05 13:06:02
johnlawson,The Last Stand,1,2024-02-21 09:36:33
kennethschmidt,The Last Stand,2,2024-12-13 23:07:20
joseph98,Love in the Rain,3,2024-08-25 11:41:53
lsmith,Underwater Secrets,2,2024-10-02 05:32:07
joseph98,Love in the Rain,5,2024-10-21 09:50:17
vincent43,Love in the Rain,3,2024-01-18 03:48:10
pbriggs,The Dark Knight Returns,4,2024-08-13 08:43:54
pbriggs,Underwater Secrets,4,2024-05-28 01:59:33
srios,Love in the Rain,4,2024-11-18 03:51:06
juarezbrandon,The Great Adventure,1,2024-05-04 01:00:49
hurstteresa,Alien Invasion,1,2024-06-19 20:11:41
joshuabarber,Underwater Secrets,4,2024-02-22 05:52:05
kaylahernandez,Journey Through Time,5,2024-09-28 07:01:57
derekgallegos,The Great Adventure,2,2024-12-17 10:53:01
tvazquez,Mystery of the Stars,3,2024-08-03 12:15:57
tapiamelissa,Alien Invasion,5,2024-02-17 09:17:05
tvazquez,Journey Through Time,2,2024-01-28 18:20:17
tammiematthews,The Great Adventure,3,2024-11-06 14:28:30
josetodd,Alien Invasion,5,2024-01-21 17:54:58
hurstteresa,The Last Stand,3,2024-05-15 04:51:18
robertskatelyn,Underwater Secrets,2,2024-09-07 23:38:14
kennethjohnson,Alien Invasion,1,2024-02-08 01:01:55
ybaker,Mystery of the Stars,1,2024-05-26 10:29:15
robertskatelyn,Love in the Rain,2,2024-06-21 18:50:34
ejohnson,Mystery of the Stars,3,2024-08-10 23:08:03
sally03,The Dark Knight Returns,4,2024-05-17 12:30:01
joneskarl,Mystery of the Stars,5,2024-09-19 15:12:17
pbriggs,Love in the Rain,3,2024-09-30 19:15:57
josetodd,Alien Invasion,5,2024-07-18 08:23:51
wcochran,Alien Invasion,1,2024-01-10 21:54:29
david21,Mystery of the Stars,1,2024-04-06 19:57:34
cbrooks,Sunset Boulevard,4,2024-08-07 08:42:56
emily70,Mystery of the Stars,1,2024-07-19 11:58:33
tammiematthews,Journey Through Time,1,2024-05-26 02:57:22
tvazquez,Love in the Rain,1,2024-04-22 21:38:09
morrisonroy,Love in the Rain,5,2024-11-18 21:59:10
randy79,Alien Invasion,2,2024-01-16 18:47:26
davisjoel,The Dark Knight Returns,4,2024-01-07 05:44:39
robertcurry,The Great Adventure,1,2024-08-30 09:43:53
teresa61,The Great Adventure,1,2024-06-01 17:25:37
ybaker,The Great Adventure,2,2024-05-11 15:45:57
tvazquez,Love in the Rain,3,2024-03-03 02:12:39
juarezbrandon,Underwater Secrets,4,2024-03-12 10:55:38
srios,Underwater Secrets,1,2024-06-19 13:21:20
sally03,The Dark Knight Returns,1,2024-08-19 09:06:30
matthew45,The Great Adventure,2,2024-01-01 11:57:14
toddbenson,Underwater Secrets,1,2024-06-18 19:24:08
bowenmichael,Mystery of the Stars,2,2024-01-19 01:02:31
alisha12,Journey Through Time,1,2024-11-10 05:17:21
johnlawson,Mystery of the Stars,1,2024-05-12 16:42:53
sharon97,Sunset Boulevard,3,2024-09-01 04:54:03
emily70,Love in the Rain,2,2024-05-20 18:52:38
terrence24,The Last Stand,5,2024-12-10 03:51:48
johnlawson,The Great Adventure,4,2024-10-18 11:10:47
lanekatherine,The Great Adventure,5,2024-09-05 07:18:14
hurstteresa,Alien Invasion,3,2024-12-18 01:36:45
sharon97,Underwater Secrets,4,2024-03-09 07:47:40
davisleslie,The Great Adventure,1,2024-05-16 09:05:27
christine95,The Dark Knight Returns,1,2024-04-06 23:21:12
robertcurry,The Great Adventure,1,2024-02-24 06:42:23
tvazquez,Underwater Secrets,5,2024-07-03 02:13:46
steveburgess,Love in the Rain,5,2024-06-18 17:37:37
mary57,Sunset Boulevard,5,2024-08-12 04:10:55
robertskatelyn,Journey Through Time,4,2024-09-04 16:51:38
jennifer10,The Dark Knight Returns,1,2024-05-28 06:46:09
henrypamela,Space Odyssey,5,2024-01-28 19:04:17
matthew45,Mystery of the Stars,2,2024-04-22 06:37:01
alisha12,The Dark Knight Returns,1,2024-09-02 08:18:21
cbenjamin,Love in the Rain,2,2024-04-20 05:16:24
bowenmichael,Alien Invasion,2,2024-01-03 00:14:50
tammiematthews,Underwater Secrets,5,2024-11-18 03:45:50
mary57,Journey Through Time,4,2024-06-22 00:22:08
elizabethmurphy,Alien Invasion,4,2024-04-08 01:55:47
vincent43,Mystery of the Stars,1,2024-12-07 02:53:45
alexandercarolyn,Underwater Secrets,2,2024-07-09 21:00:47
robertcurry,The Great Adventure,2,2024-03-05 17:22:16
tvazquez,Love in the Rain,4,2024-11-09 16:50:33
kimberly44,Underwater Secrets,4,2024-12-16 19:20:19
zlawrence,Love in the Rain,3,2024-06-27 05:58:44
joseph98,Love in the Rain,4,2024-05-14 16:59:55
scott07,The Great Adventure,3,2024-06-05 03:28:26
nporter,Mystery of the Stars,1,2024-05-16 12:28:14
joshua03,The Last Stand,2,2024-06-22 02:35:42
nporter,The Great Adventure,1,2024-11-09 23:40:52
tapiamelissa,Love in the Rain,1,2024-02-05 06:31:01
janespence,Mystery of the Stars,3,2024-12-03 09:09:34
samuel35,Mystery of the Stars,2,2024-06-12 05:46:09
kbell,Journey Through Time,1,2024-05-20 03:26:19
fmiddleton,The Great Adventure,4,2024-08-19 23:44:50
lanekatherine,Love in the Rain,3,2024-02-03 12:46:22
teresa61,The Great Adventure,2,2024-08-09 19:49:56
joseph98,Love in the Rain,2,2024-12-16 12:05:09
morrisonroy,The Great Adventure,2,2024-05-03 00:01:38
carrieanderson,The Dark Knight Returns,4,2024-08-01 05:44:10
kimberly44,The Great Adventure,3,2024-09-07 00:15:11
samantharodriguez,Love in the Rain,5,2024-10-24 22:16:24
bethanysmith,The Dark Knight Returns,4,2024-07-10 22:05:46
emily70,Underwater Secrets,1,2024-01-16 09:47:21
jenkinsjennifer,Sunset Boulevard,4,2024-06-26 01:03:04
casey59,Journey Through Time,5,2024-09-03 09:05:49
snguyen,The Dark Knight Returns,3,2024-11-30 01:23:45
casey59,Love in the Rain,1,2024-07-17 00:50:41
johnlawson,Alien Invasion,2,2024-05-19 07:25:57
steveburgess,The Last Stand,4,2024-09-27 08:11:55
alisha12,Journey Through Time,5,2024-03-01 21:47:12
brewermartha,The Last Stand,1,2024-06-02 15:17:49
terrence24,Journey Through Time,5,2024-06-08 01:46:45
robertmoreno,Mystery of the Stars,1,2024-02-07 05:03:07
samuel35,Journey Through Time,3,2024-08-10 00:32:45
juarezbrandon,Mystery of the Stars,2,2024-10-12 03:09:28
joshua03,Underwater Secrets,1,2024-01-12 10:34:53
kennethjohnson,Love in the Rain,5,2024-09-02 16:33:23
